utterance,intent
"je n'ai pas pu prendre poser mes vacances, est ce que je vais les perdre",covid---comment-les-absences-sont-elles-gerees--
"Je suis en confinement. Je ne pourrais sûrement pas poser tous mes congés . Est-il possible d’ouvrir dès maintenant un CET dans cette perspective ?",covid---comment-les-absences-sont-elles-gerees--
"je peux ouvrir un CET ?",covid---comment-les-absences-sont-elles-gerees--
"Le délai pour poser le reliquat de congés 2019 fixé à la fin du mois d’avril 2020 va t il être reculé ?",covid---comment-les-absences-sont-elles-gerees--
"j'ai une question sur les congés avec le covid",covid---comment-les-absences-sont-elles-gerees--
"Est-ce qu’il sera possible de dépasser le nombre de jours alimentant le compte épargne temps ?",covid---comment-les-absences-sont-elles-gerees--
"est ce que les congés peuvent être reportés ?",covid---comment-les-absences-sont-elles-gerees--
"est ce que je vais perdre les congés que je n'ai pas pris ?",covid---comment-les-absences-sont-elles-gerees--
"comment les congés sont-ils gérés ?",covid---comment-les-absences-sont-elles-gerees--
"comment ça se passe les congés ?",covid---comment-les-absences-sont-elles-gerees--
"autorisation spéciale d’absence",covid---comment-les-absences-sont-elles-gerees--
"à qui dois je m'adresse pour une question sur le compte épargne temps ?",covid---comment-les-absences-sont-elles-gerees--
"à cause du confinement je n'ai pas pu poser mes congés",covid---comment-les-absences-sont-elles-gerees--
"donne moi des infos sur les ASA",covid---comment-les-absences-sont-elles-gerees--
"Qu’en sera t il des congés non pris au 31 décembre 2020 ?",covid---comment-les-absences-sont-elles-gerees--
"comment se passent les repas au restaurant administratif ?",covid---comment-se-passent-les-repas-au-restaurant-administratif--
"ça se passe comment la prise de repas au restaurant administratif",covid---comment-se-passent-les-repas-au-restaurant-administratif--
"repas au resto admin avec le covid",covid---comment-se-passent-les-repas-au-restaurant-administratif--
"Je ne sais pas comment choisir ma place pour déjeuner avec mes collègues au restaurant administratif",covid---comment-se-passent-les-repas-au-restaurant-administratif--
"je ne sais pas si je peux m'asseoir où je veux au restaurant",covid---comment-se-passent-les-repas-au-restaurant-administratif--
"donne moi des infos sur le click&collect",covid---comment-se-passent-les-repas-au-restaurant-administratif--
"click and collect avec le covid",covid---comment-se-passent-les-repas-au-restaurant-administratif--
"je peux manger avec des collègues malgré le covid ?",covid---comment-se-passent-les-repas-au-restaurant-administratif--
"je peux m'asseoir à côté de mes collègues au resto ?",covid---comment-se-passent-les-repas-au-restaurant-administratif--
"repas au restaurant administratif",covid---comment-se-passent-les-repas-au-restaurant-administratif--
"puis je manger au restaurant administratif ?",covid---comment-se-passent-les-repas-au-restaurant-administratif--
"on peut s'asseoir où on veut au restaurant administratif ?",covid---comment-se-passent-les-repas-au-restaurant-administratif--
"Je travaille sur un site extérieur à l’Hôtel du Département, puis-je déjeuner au restaurant administratif ?",covid---comment-se-passent-les-repas-au-restaurant-administratif--
"j'ai une question sur le restaurant administratif",covid---comment-se-passent-les-repas-au-restaurant-administratif--
"est ce que le resto est ouvert ?",covid---comment-se-passent-les-repas-au-restaurant-administratif--
"C'est quoi ton champ d'action ?",covid---decouvrir-le-champ-d-action-du-bot
"Je n'ai pas d'info sur ton champ d'actions",covid---decouvrir-le-champ-d-action-du-bot
"Quelles questions sais tu traiter ?",covid---decouvrir-le-champ-d-action-du-bot
"Le chatbot répond à quoi ?",covid---decouvrir-le-champ-d-action-du-bot
"Comment peux tu m'aider ?",covid---decouvrir-le-champ-d-action-du-bot
"Tu sers à quoi ?",covid---decouvrir-le-champ-d-action-du-bot
"à quoi sais tu répondre ?",covid---decouvrir-le-champ-d-action-du-bot
"Dis moi à quoi tu sais répondre",covid---decouvrir-le-champ-d-action-du-bot
"Il me faut ton champ d'action",covid---decouvrir-le-champ-d-action-du-bot
"Donne moi des infos sur ton champ d'action",covid---decouvrir-le-champ-d-action-du-bot
"Quelles sont tes domaines de compétences ?",covid---decouvrir-le-champ-d-action-du-bot
"à quoi sert le chatbot ?",covid---decouvrir-le-champ-d-action-du-bot
"Tu sais répondre à quoi ?",covid---decouvrir-le-champ-d-action-du-bot
"J'aimerai commnaître les sujets que tu couvres",covid---decouvrir-le-champ-d-action-du-bot
"Je ne sais pas ce que je peux demander au chatbot",covid---decouvrir-le-champ-d-action-du-bot
"Désinfection des locaux",covid---direction---que-faire-en-situation-de-cas-contact-ou-avere-dans-l-equipe--
"à qui doit on faire la demande de désinfection du bureau ?",covid---direction---que-faire-en-situation-de-cas-contact-ou-avere-dans-l-equipe--
"il faut désinfecter le bureau",covid---direction---que-faire-en-situation-de-cas-contact-ou-avere-dans-l-equipe--
"il y a quelqu'un qui est positif dans l'équipe, c'est quoi le mode opératoire ?",covid---direction---que-faire-en-situation-de-cas-contact-ou-avere-dans-l-equipe--
"il y a un cas contact dans le service",covid---direction---que-faire-en-situation-de-cas-contact-ou-avere-dans-l-equipe--
"il y a une personne contaminée dans l'équipe",covid---direction---que-faire-en-situation-de-cas-contact-ou-avere-dans-l-equipe--
"j'ai besoin de faire une demande de désinfection des locaux",covid---direction---que-faire-en-situation-de-cas-contact-ou-avere-dans-l-equipe--
"Que faire en situation de cas contact ou avéré dans mon équipe ?",covid---direction---que-faire-en-situation-de-cas-contact-ou-avere-dans-l-equipe--
"quelle est la marche à suivre s'il y a quelqu'un de l'équipe qui est contaminé ?",covid---direction---que-faire-en-situation-de-cas-contact-ou-avere-dans-l-equipe--
"quelqu'un à des symptômes dans mon équipe que faire ?",covid---direction---que-faire-en-situation-de-cas-contact-ou-avere-dans-l-equipe--
"un agent de mon service a le covid",covid---direction---que-faire-en-situation-de-cas-contact-ou-avere-dans-l-equipe--
"une personne de mon équipe a tous les symptômes du covid",covid---direction---que-faire-en-situation-de-cas-contact-ou-avere-dans-l-equipe--
"demande de désinfection de bureau",covid---direction---que-faire-en-situation-de-cas-contact-ou-avere-dans-l-equipe--
"je ne sais quoi faire en cas de personne positive dans mon service",covid---direction---que-faire-en-situation-de-cas-contact-ou-avere-dans-l-equipe--
"je ne sais pas qui informer en cas de cas contact dans l'équipe",covid---direction---que-faire-en-situation-de-cas-contact-ou-avere-dans-l-equipe--
"Parle moi des consignes sanitaires ?",covid---explique-moi-les-gestes-barrieres
"Je ne connais plus la distanciation sociale",covid---explique-moi-les-gestes-barrieres
"Le masque est-il obligatoire au bureau ?",covid---explique-moi-les-gestes-barrieres
"je ne me rappelle plus des gestes barrières, c'est quoi déjà ?",covid---explique-moi-les-gestes-barrieres
"à quelle fréquence dois je me laver les mains ?",covid---explique-moi-les-gestes-barrieres
"c'est quoi déjà la règle de distanciation sociale ?",covid---explique-moi-les-gestes-barrieres
"Quelles sont les règles de distanciation sociale ?",covid---explique-moi-les-gestes-barrieres
"dois je porter le masque ?",covid---explique-moi-les-gestes-barrieres
"explique moi les gestes barrières",covid---explique-moi-les-gestes-barrieres
"il faut que j'évite de me toucher le visage, c'est bien ça ?",covid---explique-moi-les-gestes-barrieres
"j'ai besoin d'un petit rappel sur les gestes barrières",covid---explique-moi-les-gestes-barrieres
"je dois porter le masque si je suis seul dans un bureau ?",covid---explique-moi-les-gestes-barrieres
"C'est quoi les consignes sanitaires ?",covid---explique-moi-les-gestes-barrieres
"Redonne moi les règles barrière",covid---explique-moi-les-gestes-barrieres
"Est ce que les gestes barrières s'appliquent au bureau ?",covid---explique-moi-les-gestes-barrieres
"comment je peux gérer mes enfants en confinement ?",covid---j-ai-des-enfants---quelles-sont-les-dispositions-pour-que-je-puisse-gerer-leur-garde--
"je peux m'absenter pour garder mes enfants ?",covid---j-ai-des-enfants---quelles-sont-les-dispositions-pour-que-je-puisse-gerer-leur-garde--
"j'ai des enfants ; quelles sont les dispositions pour que je puisse gérer leur garde ?",covid---j-ai-des-enfants---quelles-sont-les-dispositions-pour-que-je-puisse-gerer-leur-garde--
"Peut-on garder des enfants sur le temps de travail ? Je n'ai pas d'infos là dessus",covid---j-ai-des-enfants---quelles-sont-les-dispositions-pour-que-je-puisse-gerer-leur-garde--
"Donne moi des infos sur la garde d'enfants pendant le covid",covid---j-ai-des-enfants---quelles-sont-les-dispositions-pour-que-je-puisse-gerer-leur-garde--
"Il faut que je m'organise pour m'occuper de mes enfants",covid---j-ai-des-enfants---quelles-sont-les-dispositions-pour-que-je-puisse-gerer-leur-garde--
"je ne sais pas comment garder mes enfants à cause du covid",covid---j-ai-des-enfants---quelles-sont-les-dispositions-pour-que-je-puisse-gerer-leur-garde--
"est ce que des dispositifs spéciaux sont prévus pour s'occuper des enfants ?",covid---j-ai-des-enfants---quelles-sont-les-dispositions-pour-que-je-puisse-gerer-leur-garde--
"Comment garder ses enfants pendant la pandémie ?",covid---j-ai-des-enfants---quelles-sont-les-dispositions-pour-que-je-puisse-gerer-leur-garde--
"Personne ne peut garder mon enfant, la crèche est fermée",covid---j-ai-des-enfants---quelles-sont-les-dispositions-pour-que-je-puisse-gerer-leur-garde--
"l'établissement de ma fille est fermé comment je peux faire pour m'absenter ?",covid---j-ai-des-enfants---quelles-sont-les-dispositions-pour-que-je-puisse-gerer-leur-garde--
"Il me faut passer à mi temps pour garder mes enfants ?",covid---j-ai-des-enfants---quelles-sont-les-dispositions-pour-que-je-puisse-gerer-leur-garde--
"mon fils est malade, je peux poser un congés pour le garder ?",covid---j-ai-des-enfants---quelles-sont-les-dispositions-pour-que-je-puisse-gerer-leur-garde--
"ma fille a le covid, je dois la garder",covid---j-ai-des-enfants---quelles-sont-les-dispositions-pour-que-je-puisse-gerer-leur-garde--
"la classe de mon fils est fermée, je fais comment pour le garder ?",covid---j-ai-des-enfants---quelles-sont-les-dispositions-pour-que-je-puisse-gerer-leur-garde--
"c'est quoi la cellule psychologique",covid---j-ai-une-question-sur-la-cellule-psychologique
"j'ai besoin de parler à quelqu'un",covid---j-ai-une-question-sur-la-cellule-psychologique
"On demande à qui une prise en charge par un psychologue ?",covid---j-ai-une-question-sur-la-cellule-psychologique
"j'ai une question sur la cellule psychologique",covid---j-ai-une-question-sur-la-cellule-psychologique
"j'en ai marre d'être seul au travail",covid---j-ai-une-question-sur-la-cellule-psychologique
"je ne me sens pas bien",covid---j-ai-une-question-sur-la-cellule-psychologique
"mes conditions de travail se sont dégradées",covid---j-ai-une-question-sur-la-cellule-psychologique
"Comment consulter un psy ?",covid---j-ai-une-question-sur-la-cellule-psychologique
"Aide moi à prendre rendez-vous avec un psychologue ?",covid---j-ai-une-question-sur-la-cellule-psychologique
"le télétravail ne me convient pas",covid---j-ai-une-question-sur-la-cellule-psychologique
"C'est trop dur je ne parle à personne dans la journée",covid---j-ai-une-question-sur-la-cellule-psychologique
"à cause du covid je me sens seule",covid---j-ai-une-question-sur-la-cellule-psychologique
"Je ne me sens pas bien, j'ai perdu la motivation au travail",covid---j-ai-une-question-sur-la-cellule-psychologique
"Cette situation est insupportable pour moi",covid---j-ai-une-question-sur-la-cellule-psychologique
"On fait comment pour être pris en charge psychologiquement ?",covid---j-ai-une-question-sur-la-cellule-psychologique
"j'ai envie de manger avec mes collègues dans une salle de convivialité",covid---j-ai-une-question-sur-la-prise-de-repas-en-salle-de-convivialite
"est ce que je peux manger avec des collègues en salle de convivialité",covid---j-ai-une-question-sur-la-prise-de-repas-en-salle-de-convivialite
"c'est quoi le mode opératoire pour manger en salle de convivialité ?",covid---j-ai-une-question-sur-la-prise-de-repas-en-salle-de-convivialite
"Mes collègues et moi on voudrait déjeuner dans la salle commune",covid---j-ai-une-question-sur-la-prise-de-repas-en-salle-de-convivialite
"Manger en salle de convivialité",covid---j-ai-une-question-sur-la-prise-de-repas-en-salle-de-convivialite
"ça marche comment les repas en salle de convivialité ?",covid---j-ai-une-question-sur-la-prise-de-repas-en-salle-de-convivialite
"Y a t il des conditions pour manger en salle commune ?",covid---j-ai-une-question-sur-la-prise-de-repas-en-salle-de-convivialite
"Donne moi des infos sur la salle de convivialité",covid---j-ai-une-question-sur-la-prise-de-repas-en-salle-de-convivialite
"Prise de repas en salle de convivialité",covid---j-ai-une-question-sur-la-prise-de-repas-en-salle-de-convivialite
"Qui a accès à la salle commune ?",covid---j-ai-une-question-sur-la-prise-de-repas-en-salle-de-convivialite
"Quelles sont les règles à respecter en salle de convivialité ?",covid---j-ai-une-question-sur-la-prise-de-repas-en-salle-de-convivialite
"Des agents ne respectent pas la distanciation sociale en salle de convivialité",covid---j-ai-une-question-sur-la-prise-de-repas-en-salle-de-convivialite
"je n'ai pas d'infos sur la prise de repas en salle de convivialité",covid---j-ai-une-question-sur-la-prise-de-repas-en-salle-de-convivialite
"je peux manger avec d'autres agents en salle de convivialité ?",covid---j-ai-une-question-sur-la-prise-de-repas-en-salle-de-convivialite
"j'ai vu des agents en salle de convivialité qui ne respectaient pas les gestes barrières, on peut fermer la salle ?",covid---j-ai-une-question-sur-la-prise-de-repas-en-salle-de-convivialite
"c'est possible de faire un test covid à l'hôtel du département ?",covid---j-ai-une-question-sur-les-campagnes-de-test---depistage
"Y a t il des centres ou des campagnes de test covid ?",covid---j-ai-une-question-sur-les-campagnes-de-test---depistage
"à quel endroit peut-on se faire dépister pour le covid ?",covid---j-ai-une-question-sur-les-campagnes-de-test---depistage
"Où faire un test de dépistage du covid ?",covid---j-ai-une-question-sur-les-campagnes-de-test---depistage
"Qui faut il contacter pour participer à une campagne de dépistage ?",covid---j-ai-une-question-sur-les-campagnes-de-test---depistage
"quand se faire tester ?",covid---j-ai-une-question-sur-les-campagnes-de-test---depistage
"Dis moi où me faire tester au covid au département ?",covid---j-ai-une-question-sur-les-campagnes-de-test---depistage
"je ne sais si je peux me faire dépister au département ?",covid---j-ai-une-question-sur-les-campagnes-de-test---depistage
"Une nouvelle campagne de test au Département aura-t-elle lieu ?",covid---j-ai-une-question-sur-les-campagnes-de-test---depistage
"Où puis je me faire tester ?",covid---j-ai-une-question-sur-les-campagnes-de-test---depistage
"je peux me faire dépister où ?",covid---j-ai-une-question-sur-les-campagnes-de-test---depistage
"je peux aller où pour me faire dépister ?",covid---j-ai-une-question-sur-les-campagnes-de-test---depistage
"J'ai une question sur les campagnes de test Covid-19",covid---j-ai-une-question-sur-les-campagnes-de-test---depistage
"est ce que le département organise des tests ?",covid---j-ai-une-question-sur-les-campagnes-de-test---depistage
"c'est quoi la liste des centres de dépistage ?",covid---j-ai-une-question-sur-les-campagnes-de-test---depistage
"dois je me faire vacciner ?",covid---j-ai-une-question-sur-les-campagnes-de-vaccination
"Dois-je me faire vacciner même si j'ai eu le virus ?",covid---j-ai-une-question-sur-les-campagnes-de-vaccination
"Je voudrais des infos sur les vaccins du covid",covid---j-ai-une-question-sur-les-campagnes-de-vaccination
"où aller pour se faire vacciner ?",covid---j-ai-une-question-sur-les-campagnes-de-vaccination
"On doit être vacciné pour travailler ?",covid---j-ai-une-question-sur-les-campagnes-de-vaccination
"La vaccination est elle obligatoire ?",covid---j-ai-une-question-sur-les-campagnes-de-vaccination
"Je ne sais pas quand est ce que je dois me faire vacciner",covid---j-ai-une-question-sur-les-campagnes-de-vaccination
"à qui demander des informations sur les campagne de vaccination ?",covid---j-ai-une-question-sur-les-campagnes-de-vaccination
"Quand est ce que la campagne de vaccination a-t-elle débuté ?",covid---j-ai-une-question-sur-les-campagnes-de-vaccination
"suis je une personne prioritaire pour être vacciné ?",covid---j-ai-une-question-sur-les-campagnes-de-vaccination
"Qui sont les personnes prioritaires dans les campagnes de vaccination ?",covid---j-ai-une-question-sur-les-campagnes-de-vaccination
"puis je me faire vacciner au département ?",covid---j-ai-une-question-sur-les-campagnes-de-vaccination
"je suis prioritaire pour la vaccination ?",covid---j-ai-une-question-sur-les-campagnes-de-vaccination
"j'ai une question sur les campagnes de vaccination",covid---j-ai-une-question-sur-les-campagnes-de-vaccination
"est ce que je dois me faire vacciner si j'ai déjà eu le covid ?",covid---j-ai-une-question-sur-les-campagnes-de-vaccination
"c'est quoi la définition d'un cas contact ?",covid---j-ai-une-question-sur-les-cas-contacts
"comment savoir si je suis cas contact ?",covid---j-ai-une-question-sur-les-cas-contacts
"J'ai été appelé par l'ARS ou la CPAM et identifié cas contact je dois faire quoi ?",covid---j-ai-une-question-sur-les-cas-contacts
"j'ai une question sur les cas contacts",covid---j-ai-une-question-sur-les-cas-contacts
"je ne sais pas si je suis cas contact",covid---j-ai-une-question-sur-les-cas-contacts
"je suis cas contact je dois faire quoi ?",covid---j-ai-une-question-sur-les-cas-contacts
"quelles sont les modalités de désignation d'un cas contact",covid---j-ai-une-question-sur-les-cas-contacts
"Quel est le mode opératoire si je suis cas contact ?",covid---j-ai-une-question-sur-les-cas-contacts
"Faut-il se mettre à l'isolement si je suis cas contact ?",covid---j-ai-une-question-sur-les-cas-contacts
"A qui envoyer mon arrêt de travail si je suis identifié cas contact ?",covid---j-ai-une-question-sur-les-cas-contacts
"Donne moi les critères d'un contact à risque",covid---j-ai-une-question-sur-les-cas-contacts
"si mon épouse est positive au Covid que dois-je faire?",covid---j-ai-une-question-sur-les-cas-contacts
"Suis je cas contact si je travaille dans le même bureau que mon collègue qui est positif",covid---j-ai-une-question-sur-les-cas-contacts
"Un de mes collègues a été testé positif au COVID-19 je suis cas contact ?",covid---j-ai-une-question-sur-les-cas-contacts
"Il y a un agent cas contact dans mon équipe, dois-je demander une désinfection automatiquement ?",covid---j-ai-une-question-sur-les-cas-contacts
"je peux encore faire des formations ?",covid---j-ai-une-question-sur-les-formations
"On fait comment pour se former malgré les restrictions sanitaires ?",covid---j-ai-une-question-sur-les-formations
"à qui demander des infos sur les formations ?",covid---j-ai-une-question-sur-les-formations
"Je ne sais pas si ma formation va être maintenue",covid---j-ai-une-question-sur-les-formations
"où se déroule les formations pendant le covid ?",covid---j-ai-une-question-sur-les-formations
"Les formations sont-elles maintenues pendant la pandémie ?",covid---j-ai-une-question-sur-les-formations
"formation professionnelle durant le covid",covid---j-ai-une-question-sur-les-formations
"Quelles mesures sanitaires sont mises en place pour les formations ?",covid---j-ai-une-question-sur-les-formations
"les formations se font elles en présentiel ?",covid---j-ai-une-question-sur-les-formations
"les formations se font elles à distance ?",covid---j-ai-une-question-sur-les-formations
"je suis inscrit à une formation, quand est ce que je saurais si elle est maintenue ?",covid---j-ai-une-question-sur-les-formations
"J'ai une question sur les formations",covid---j-ai-une-question-sur-les-formations
"est ce que ma formation va être annulée ?",covid---j-ai-une-question-sur-les-formations
"comment savoir si une formation se fera ?",covid---j-ai-une-question-sur-les-formations
"c'est quoi le mode opératoire pour les formations ?",covid---j-ai-une-question-sur-les-formations
"je voudrai renouveler mes masques",covid---j-ai-une-question-sur-les-masques
"c'est possible de réapprovisionner mon équipe en masque ?",covid---j-ai-une-question-sur-les-masques
"c'est quoi un masque ffp2",covid---j-ai-une-question-sur-les-masques
"j'ai besoin de masques FFP2",covid---j-ai-une-question-sur-les-masques
"je n'ai plus de masque",covid---j-ai-une-question-sur-les-masques
"je peux fabriquer mon propre masque ?",covid---j-ai-une-question-sur-les-masques
"les masques en tissu sont ils efficaces ?",covid---j-ai-une-question-sur-les-masques
"mon masque est abîmé",covid---j-ai-une-question-sur-les-masques
"où puis je me procurer des masques ?",covid---j-ai-une-question-sur-les-masques
"quelle catégorie de masque je peux porter ?",covid---j-ai-une-question-sur-les-masques
"quels sont les masques les plus efficaces ?",covid---j-ai-une-question-sur-les-masques
"tu peux me renseigner sur les masques qui existent ?",covid---j-ai-une-question-sur-les-masques
"Quels masques faut-il porter ?",covid---j-ai-une-question-sur-les-masques
"Y a t il des préconisations pour porter un masque chirurgical ?",covid---j-ai-une-question-sur-les-masques
"à qui dois je demander de nouveaux masques ?",covid---j-ai-une-question-sur-les-masques
"dois je m'isoler si j'ai des symptomes du covid ?",covid---j-ai-une-question-sur-les-symptomes
"que faire si j'ai des sympômes du covid ?",covid---j-ai-une-question-sur-les-symptomes
"Je crois que j'ai de la fièvre",covid---j-ai-une-question-sur-les-symptomes
"Les maux de tête sont de pire en pire",covid---j-ai-une-question-sur-les-symptomes
"J'ai l'impression d'avoir des courbatures",covid---j-ai-une-question-sur-les-symptomes
"je ressens des gênes respiratoires",covid---j-ai-une-question-sur-les-symptomes
"je suis essouflé",covid---j-ai-une-question-sur-les-symptomes
"je n'arrête pas de tousser",covid---j-ai-une-question-sur-les-symptomes
"je me sens fatiguée",covid---j-ai-une-question-sur-les-symptomes
"je fais quoi en cas de symptômes ?",covid---j-ai-une-question-sur-les-symptomes
"je commence à perdre l'odorat",covid---j-ai-une-question-sur-les-symptomes
"J'ai une question sur les symptômes du covid-19",covid---j-ai-une-question-sur-les-symptomes
"j'ai quelqu'un de mon équipe qui a des symptômes, que dois je faire",covid---j-ai-une-question-sur-les-symptomes
"j'ai la diarrhée",covid---j-ai-une-question-sur-les-symptomes
"c'est quoi les symptômes du covid ?",covid---j-ai-une-question-sur-les-symptomes
"ça se passe comment la validation du télé travail ?",covid---j-ai-une-question-sur-le-travail-a-distance--trad-
"c'est quoi les modalités pratiques d'autorisation de travailler à distance ?",covid---j-ai-une-question-sur-le-travail-a-distance--trad-
"comment déclarer le télétravail ?",covid---j-ai-une-question-sur-le-travail-a-distance--trad-
"J'ai une question sur le TRAD  à qui puis-je m'adresser ?",covid---j-ai-une-question-sur-le-travail-a-distance--trad-
"j'ai une question sur le travail à distance",covid---j-ai-une-question-sur-le-travail-a-distance--trad-
"la prolongation du TRAD",covid---j-ai-une-question-sur-le-travail-a-distance--trad-
"peut on me refuser des demandes de TRAD ?",covid---j-ai-une-question-sur-le-travail-a-distance--trad-
"Puis je avoir des informations sur le travail à domicile",covid---j-ai-une-question-sur-le-travail-a-distance--trad-
"Quelle est la démarche pour pouvoir réaliser du TRAD ?",covid---j-ai-une-question-sur-le-travail-a-distance--trad-
"combien de jours par semaine puis je télétravailler ?",covid---j-ai-une-question-sur-le-travail-a-distance--trad-
"aide moi à faire une demande d'autorisation de TRAD ?",covid---j-ai-une-question-sur-le-travail-a-distance--trad-
"je ne sais pas jusqu'à combien de jours par semaine je peux télétravailler ?",covid---j-ai-une-question-sur-le-travail-a-distance--trad-
"Faire valider mes demande de télétravail",covid---j-ai-une-question-sur-le-travail-a-distance--trad-
"Pour travailler à distance on fait la demande à qui ?",covid---j-ai-une-question-sur-le-travail-a-distance--trad-
"Travailler à domicile c'est possible ?",covid---j-ai-une-question-sur-le-travail-a-distance--trad-
"Dis moi à qui envoyer mon arrêt maladie pour le covid ?",covid---je-suis-positif-ve--au-test
"c'est quoi le mode opératoire en cas de cas positif ?",covid---je-suis-positif-ve--au-test
"Mon test covid est positif je fais quoi ?",covid---je-suis-positif-ve--au-test
"j'ai découvert que j'avais le covid, je dois alerter qui ?",covid---je-suis-positif-ve--au-test
"j'ai le covid, c'est quoi la marche à suivre ?",covid---je-suis-positif-ve--au-test
"Y a t il un protocole en cas de cas positif ?",covid---je-suis-positif-ve--au-test
"Mon résultat au test est positif, qui dois je prévenir ?",covid---je-suis-positif-ve--au-test
"je ne sais pas qui prévenir de mon test positif",covid---je-suis-positif-ve--au-test
"à qui envoyer mon arrêt de travail si j'ai le covid?",covid---je-suis-positif-ve--au-test
"Faire un signalement de cas de covid",covid---je-suis-positif-ve--au-test
"Que faire si je suis positive au test",covid---je-suis-positif-ve--au-test
"qui faut il prevenir si on a le covid ?",covid---je-suis-positif-ve--au-test
"il y a quelqu'un de mon équipe qui a eu un résultat positif au test covid",covid---je-suis-positif-ve--au-test
"je dois le dire à qui si j'ai le virus ?",covid---je-suis-positif-ve--au-test
"Qui prévenir en cas de covid ?",covid---je-suis-positif-ve--au-test
"j'ai besoin de voir mes collègues",covid---les-reunions-physiques-sont-elles-autorisees--
"est ce que je peux venir au département pour faire une réunion ?",covid---les-reunions-physiques-sont-elles-autorisees--
"Les réunions en présentiel sont elles autorisées malgré la pandémie ?",covid---les-reunions-physiques-sont-elles-autorisees--
"Je ne sais pas si j'ai le droit de faire une réunion",covid---les-reunions-physiques-sont-elles-autorisees--
"Donne moi les infos pour faire une réu au bureau",covid---les-reunions-physiques-sont-elles-autorisees--
"Peut-on se rassembler au bureau ?",covid---les-reunions-physiques-sont-elles-autorisees--
"a-t-on le droit de faire des réunions en physique ?",covid---les-reunions-physiques-sont-elles-autorisees--
"Y a t il un protocole à suivre pour organiser des réunions ?",covid---les-reunions-physiques-sont-elles-autorisees--
"quelles mesures sanitaires pour les réunions ?",covid---les-reunions-physiques-sont-elles-autorisees--
"je voudrais faire une réunion au département, j'ai le droit ?",covid---les-reunions-physiques-sont-elles-autorisees--
"Il faudrait organiser une réunion au bureau",covid---les-reunions-physiques-sont-elles-autorisees--
"Peut-on faire une réunion en présentiel ?",covid---les-reunions-physiques-sont-elles-autorisees--
"les réunions physiques sont elles autorisées ?",covid---les-reunions-physiques-sont-elles-autorisees--
"les réunions à distance c'est ingérable",covid---les-reunions-physiques-sont-elles-autorisees--
"c'est quoi le mode opératoire pour les réunions ?",covid---les-reunions-physiques-sont-elles-autorisees--
"est ce que je peux avoir du gel pour me laver les mains ?",covid---obtenir-du-gel-hydroalcoolique
"à qui dois je m'adresser pour m'approvisionner en gel ?",covid---obtenir-du-gel-hydroalcoolique
"j'ai besoin de gel hydroalcoolique",covid---obtenir-du-gel-hydroalcoolique
"je n'ai plus de gel",covid---obtenir-du-gel-hydroalcoolique
"je peux demander à qui du gel ?",covid---obtenir-du-gel-hydroalcoolique
"mon flacon de gel est bientôt vide",covid---obtenir-du-gel-hydroalcoolique
"Obtenir du gel hydroalcoolique",covid---obtenir-du-gel-hydroalcoolique
"où puis je trouver du gel ?",covid---obtenir-du-gel-hydroalcoolique
"où sont les stocks de gel hydroalcoolique ?",covid---obtenir-du-gel-hydroalcoolique
"Il n'y a plus de gel hydroalcoolique pour mon équipe",covid---obtenir-du-gel-hydroalcoolique
"il a une pénurie de gel hydro",covid---obtenir-du-gel-hydroalcoolique
"Il me faudrait du gel",covid---obtenir-du-gel-hydroalcoolique
"Peut-on re remplir son flacon de gel hydroalcoolique ?",covid---obtenir-du-gel-hydroalcoolique
"à qui peut on demander de nouvelles bouteilles de gel hydrolalcoolique ?",covid---obtenir-du-gel-hydroalcoolique
"Comment se réaprovisionner en gel hydro ?",covid---obtenir-du-gel-hydroalcoolique
"Il me faut une attestation pour le couvre feu, c'est possible ?",covid---puis-je-obtenir-une-attestation-de-deplacement-pendant-la-periode-du-couvre-feu--
"c'est possible d'avoir une attestation de déplacement ?",covid---puis-je-obtenir-une-attestation-de-deplacement-pendant-la-periode-du-couvre-feu--
"comment je rentre chez moi après 20h ?",covid---puis-je-obtenir-une-attestation-de-deplacement-pendant-la-periode-du-couvre-feu--
"j'ai besoin d'une attestation de déplacement, qui peut m'en donner une ?",covid---puis-je-obtenir-une-attestation-de-deplacement-pendant-la-periode-du-couvre-feu--
"je dois partir du travail après 18h",covid---puis-je-obtenir-une-attestation-de-deplacement-pendant-la-periode-du-couvre-feu--
"Puis-je obtenir une attestation de déplacement pendant la période du couvre feu ?",covid---puis-je-obtenir-une-attestation-de-deplacement-pendant-la-periode-du-couvre-feu--
"qui peut me donner une attestation dérogatoire ?",covid---puis-je-obtenir-une-attestation-de-deplacement-pendant-la-periode-du-couvre-feu--
"je voudrais partir du travail après le couvre-feu",covid---puis-je-obtenir-une-attestation-de-deplacement-pendant-la-periode-du-couvre-feu--
"le département fournit-il des attestations dérogatoires ?",covid---puis-je-obtenir-une-attestation-de-deplacement-pendant-la-periode-du-couvre-feu--
"Est qu'on a le droit de quitter le bureau après le couvre feu ?",covid---puis-je-obtenir-une-attestation-de-deplacement-pendant-la-periode-du-couvre-feu--
"se procurer une attestation de déplacement professionnelle",covid---puis-je-obtenir-une-attestation-de-deplacement-pendant-la-periode-du-couvre-feu--
"Comment fait on pour avoir une attestation de déplacement ?",covid---puis-je-obtenir-une-attestation-de-deplacement-pendant-la-periode-du-couvre-feu--
"à qui s'adresser pour obtenir une attestation de déplacement ?",covid---puis-je-obtenir-une-attestation-de-deplacement-pendant-la-periode-du-couvre-feu--
"Peut-on quitter le travail après le début du couvre feu ?",covid---puis-je-obtenir-une-attestation-de-deplacement-pendant-la-periode-du-couvre-feu--
"Y a t il des dérogations pour rentrer chez soi après le couvre feu ?",covid---puis-je-obtenir-une-attestation-de-deplacement-pendant-la-periode-du-couvre-feu--
"Y a t il des mesures sanitaires à prendre pendant les pauses café ?",covid---puis-je-prendre-un-cafe-avec-mes-collegues--
"j'ai besoin d'un café !",covid---puis-je-prendre-un-cafe-avec-mes-collegues--
"j'aimerais bien boire un café avec les collègues",covid---puis-je-prendre-un-cafe-avec-mes-collegues--
"je peux prendre un café avec d'autres agents ?",covid---puis-je-prendre-un-cafe-avec-mes-collegues--
"le café du matin est il toujours possible ?",covid---puis-je-prendre-un-cafe-avec-mes-collegues--
"puis je prendre un café avec mes collègues ?",covid---puis-je-prendre-un-cafe-avec-mes-collegues--
"Quelles sont les règles pour prendre le café avec les collègues ?",covid---puis-je-prendre-un-cafe-avec-mes-collegues--
"je ne sais pas si je peux boire le thé avec les collègues malgré le covid",covid---puis-je-prendre-un-cafe-avec-mes-collegues--
"est il possible de faire une pause à la machine à café ?",covid---puis-je-prendre-un-cafe-avec-mes-collegues--
"il n'y a plus de pause café avec les collègues depuis le covid",covid---puis-je-prendre-un-cafe-avec-mes-collegues--
"Il faut demander à qui pour les consignes concernant les pauses café ?",covid---puis-je-prendre-un-cafe-avec-mes-collegues--
"Les pauses café sont elles autorisées malgré le covid ?",covid---puis-je-prendre-un-cafe-avec-mes-collegues--
"Je voudrais prendre les pauses café pendant ma journée de travail",covid---puis-je-prendre-un-cafe-avec-mes-collegues--
"où peut-on trouver les consignes relatives aux pauses café ?",covid---puis-je-prendre-un-cafe-avec-mes-collegues--
"c'est quoi les mesures sanitaires pour la prise de café ?",covid---puis-je-prendre-un-cafe-avec-mes-collegues--
"c'est quoi les mesures pour les agents ayant un risque de développer une forme grave ?",covid---quel-est-le-dispositif-pour-les-agents-dits-vulnerables--
"je suis une personne à risque",covid---quel-est-le-dispositif-pour-les-agents-dits-vulnerables--
"à qui m'adresser si j'ai des facteurs de comorbidité avec le covid ?",covid---quel-est-le-dispositif-pour-les-agents-dits-vulnerables--
"j'ai un risque de développer une forme grave du virus",covid---quel-est-le-dispositif-pour-les-agents-dits-vulnerables--
"Quelles sont les consignes pour les employés à risque sanitaire ?",covid---quel-est-le-dispositif-pour-les-agents-dits-vulnerables--
"Que faut-il faire si on est un agent à haut risque ?",covid---quel-est-le-dispositif-pour-les-agents-dits-vulnerables--
"je ne sais pas quoi faire car je partage le foyer d'une personne vulnérable",covid---quel-est-le-dispositif-pour-les-agents-dits-vulnerables--
"puis je faire plus de télétravail si je vis avec une personne à risque ?",covid---quel-est-le-dispositif-pour-les-agents-dits-vulnerables--
"Y a t il une démarche à faire pour se déclarer personne vulnérable ?",covid---quel-est-le-dispositif-pour-les-agents-dits-vulnerables--
"étant identifié personne vulnérable, quelles sont les règles pour les absences ?",covid---quel-est-le-dispositif-pour-les-agents-dits-vulnerables--
"Quelles sont les mesures pour les personnes vulnérables ?",covid---quel-est-le-dispositif-pour-les-agents-dits-vulnerables--
"Quel est le dispositif pour les agents dits vulnérables ?",covid---quel-est-le-dispositif-pour-les-agents-dits-vulnerables--
"mon conjoint est une personne à risque",covid---quel-est-le-dispositif-pour-les-agents-dits-vulnerables--
"je vis avec une personne vulnérable au covid",covid---quel-est-le-dispositif-pour-les-agents-dits-vulnerables--
"je suis une personne à risque, je peux faire plus de télétravail ?",covid---quel-est-le-dispositif-pour-les-agents-dits-vulnerables--
"Comment j'accède à la documentation sur les marches à suivre ?",covid---retrouver-tous-les-modes-operatoires
"ça se trouve où les modes opératoires ?",covid---retrouver-tous-les-modes-operatoires
"c'est quoi le protocole pour l'auto partage de véhicule",covid---retrouver-tous-les-modes-operatoires
"ils se trouvent où sur l'intranet les pdf des modes opé ?",covid---retrouver-tous-les-modes-operatoires
"j'ai besoin d'accéder à l'ensemble des modes opératoires",covid---retrouver-tous-les-modes-operatoires
"je n'ai pas encore lu un protocole sanitaire",covid---retrouver-tous-les-modes-operatoires
"je n'arrive plus à remettre la main sur un mode opératoire",covid---retrouver-tous-les-modes-operatoires
"où puis je retrouver tous les protocoles sanitaires du département ?",covid---retrouver-tous-les-modes-operatoires
"je voudrais retrouver les documents qui décrivent les protocoles sanitaires au département",covid---retrouver-tous-les-modes-operatoires
"je ne sais pas où consulter les protocoles",covid---retrouver-tous-les-modes-operatoires
"où trouver tous les protocoles sanitaires sur l'intranet ?",covid---retrouver-tous-les-modes-operatoires
"retrouver tous les modes opératoires",covid---retrouver-tous-les-modes-operatoires
"Dans quels dossiers sont stockés toutes les procédures à suivre ?",covid---retrouver-tous-les-modes-operatoires
"Indique moi où trouver de la documentation",covid---retrouver-tous-les-modes-operatoires
"à quel endroit se trouve les modes opératoires ?",covid---retrouver-tous-les-modes-operatoires